Workbook

Sheet SIM1_
A2: Ver. | B2: 46269 | C2: ① CPFあり（Meta予算をCPFへ転用）
A4: 株式会社御中_LINEOA施策提案【SIM】
N5: ※これより→はPDFにするときに消すようにする（範囲外に）
A7: ■要件定義 | B7: 地点 | C7: 名称 | D7: 成果単価
A8: 新規CV | B8: ①_CV地点 | C8: 求人応募・支援サービス登録 | D8: 17000 | G8: UU | H8: 3215 | J8: 想定顧客リスト | K8: 500 | N8: SimilarWeb等を参考に | O8: ※メルマガ、他SNS等でのリリースが出来るか
B9: ②_CV地点 | C9: - | D9: 0 | G9: 広告・アフィUU | H9: 1600 | N9: 広告比率等を参考に | O9: LINEプレスリリースの可否 | P9: TRUE
A10: リピートCV | B10: ③_CV地点 | C10: - | D10: 0 | G10: CV（別施策）1 | H10: 8 | I10: リード（イメージ） | N10: CV聞けてれば→通知メッセ、サンクスLINE誘導
B11: ④_CV地点 | C11: - | D11: 0 | G11: CV（別施策）2 | H11: 0 | I11: マネタイズ（イメージ）
O12: ↓調整可能です！
A13: 項目 | D13: ※↓現状数値 | E13: 1か月目 | F13: 2か月目 | G13: 3か月目 | H13: 4か月目 | I13: 5か月目 | J13: 6か月目 | K13: 半年合計 | L13: 単月平均（６ヶ月） | N13: 20%くらいの調整は可能です。 | O13: →DYM作業用
A14: WEBサイト | B14: UU全体 | D14: =+H8 | E14: =+D14 | F14: =+E14 | G14: =+F14 | H14: =+G14 | I14: =+H14 | J14: =+I14
B15: UU(うち広告) | D15: =+H9 | E15: =+D15 | F15: =+E15 | G15: =+F15 | H15: =+G15 | I15: =+H15 | J15: =+I15 | N15: （サイト固定リンク） | O15: AD以外のLINE誘導 | P15: 0.005 | S15: ■従量計算式↓
B16: CV（別施策） ※想定 | D16: =H10 | E16: =+D16 | F16: =+E16 | G16: =+F16 | H16: =+G16 | I16: =+H16 | J16: =+I16 | N16: （サイト固定リンク） | O16: ADでのLP/HP→LINE | P16: 0.0025 | S16: ■料金テーブル
A17: 施策 | B17: CPF | D17: FALSE | E17: TRUE | F17: TRUE | G17: TRUE | H17: TRUE | I17: TRUE | J17: TRUE | K17: -- | L17: -- | S17: 課金対象配信総数 | W17: 費用 | Z17: 単価
B18: 離脱防止 | D18: FALSE | E18: TRUE | F18: TRUE | G18: TRUE | H18: TRUE | I18: TRUE | J18: TRUE | K18: -- | L18: -- | N18: KaiU表示率 | O18: 離脱防止表示率（AD） | P18: 0.65 | S18: 0 | T18: - | U18: 200000 | W18: 0 | X18: - | Y18: 600000 | Z18: 3
B19: サンクスLINE誘導 | D19: FALSE | E19: FALSE | F19: FALSE | G19: FALSE | H19: FALSE | I19: FALSE | J19: FALSE | N19: KaiU表示率 | O19: 離脱防止表示率（SEO） | P19: 0.55 | S19: 200000 | T19: - | U19: 15000000 | W19: 600000 | X19: - | Y19: =+U19*2.5 | Z19: 2.5
B20: 通知メッセージ_CV | D20: FALSE | E20: FALSE | F20: FALSE | G20: FALSE | H20: FALSE | I20: FALSE | J20: FALSE
B21: 通知メッセージ_既存リスト | D21: FALSE | E21: FALSE | F21: FALSE | G21: FALSE | H21: FALSE | I21: FALSE | J21: FALSE | K21: -- | L21: -- | O21: ↓企画投稿
A22: 施策増分 ※友だち | B22: CPF | D22: -- | E22: 693 | F22: 693 | G22: 693 | H22: 693 | I22: 693 | J22: 693 | N22: CPFコスト / CPFの単価設定 ※ブロック率が上がりやすい | O22: 開封率 | P22: 0.78
B23: 離脱防止 | D23: -- | E23: =IF(E18=FALSE,0,E15*$P$18*0.08*0.08+(E14-E15)*$P$19*0.12*0.12) | F23: =IF(F18=FALSE,0,F15*$P$18*0.08*0.08+(F14-F15)*$P$19*0.12*0.12) | G23: =F23*1.01 | H23: =G23*1.01 | I23: =H23*1.01 | J23: =I23*1.01 | N23: 離脱防止表示率×UU×クリック率×実追加率 | O23: クリック率 | P23: 0.1 | Q23: 4‐6か月後係数
B24: サンクスLINE誘導 | D24: -- | E24: =+IF(E19=FALSE,0,SUM(H10:H11)*0.15) | F24: =E24*1.01 | G24: =F24*1.01 | H24: =G24*1.01 | I24: =H24*1.01 | J24: =I24*1.01 | N24: CV(別施策)*誘導成功率*実追加率 | O24: audienceターゲ率 | P24: 0.8 | Q24: 0.8
B25: 通知メッセージ | D25: -- | E25: =+IF(E20=FALSE,0,SUM($H$10:$H$11)*0.7*0.3)+IF($E$21=FALSE,0,$K$8*0.15*0.15) | F25: =+IF(F20=FALSE,0,SUM($H$10:$H$11)*0.7*0.3)+IF($E$21=FALSE,0,$K$8*0.15*0.15) | G25: =+IF(G20=FALSE,0,SUM($H$10:$H$11)*0.7*0.3)+IF($E$21=FALSE,0,$K$8*0.15*0.15) | H25: =+IF(H20=FALSE,0,SUM($H$10:$H$11)*0.7*0.3)+IF($E$21=FALSE,0,$K$8*0.15*0.15) | I25: =+IF(I20=FALSE,0,SUM($H$10:$H$11)*0.7*0.3)+IF($E$21=FALSE,0,$K$8*0.15*0.15) | J25: =+IF(J20=FALSE,0,SUM($H$10:$H$11)*0.7*0.3)+IF($E$21=FALSE,0,$K$8*0.15*0.15) | N25: サンクス到達*情報一致率(70%前後)*実追加率 | O25: ↓ステップ配信
A26: 友だち数_増加数 | D26: -- | E26: =+SUM(E22:E25)+$H$9*$P$16+($H$8-$H$9)*$P$15+IF(P9=FALSE,0,$K$8*0.15*0.08) | F26: =+SUM(F22:F25)+$H$9*$P$16+($H$8-$H$9)*$P$15 | G26: =+SUM(G22:G25)+$H$9*$P$16+($H$8-$H$9)*$P$15 | H26: =+SUM(H22:H25)+$H$9*$P$16+($H$8-$H$9)*$P$15 | I26: =+SUM(I22:I25)+$H$9*$P$16+($H$8-$H$9)*$P$15 | J26: =+SUM(J22:J25)+$H$9*$P$16+($H$8-$H$9)*$P$15 | N26: ※上記記載に追加して、LP、HPからのLINE誘導を加味する | O26: 開封率 | P26: 0.725
A27: ブロック率 | D27: 0 | E27: 0.406 | F27: =+E27*1.025 | G27: =+F27*1.025 | H27: =+G27*1.025 | I27: =+H27*1.025 | J27: =+I27*1.025 | O27: クリック率 | P27: 0.12 | Q27: 4‐6か月後係数
A28: 友だち数 | D28: 0 | E28: =+D28+E26 | F28: =+E28+F26 | G28: =+F28+G26 | H28: =+G28+H26 | I28: =+H28+I26 | J28: =+I28+J26 | O28: audienceターゲ率 | P28: 0.2 | Q28: 0.8
A29: ターゲット数 | D29: 0 | E29: =+E28*(1-E27) | F29: =+F28*(1-F27) | G29: =+G28*(1-G27) | H29: =+H28*(1-H27) | I29: =+I28*(1-I27) | J29: =+J28*(1-J27) | N29: ※ターゲット数の増加分が通常の増加分を超えないように調整する
A30: 企画投稿数 | D30: 0 | E30: 4 | F30: 4 | G30: 4 | H30: 4 | I30: 4 | J30: 4 | N30: ←基本本数が4本として設計する（ユーザー数と固定費で調整） | O30: CPFの単価設定 | P30: 300
A31: 企画投稿からの流入 | D31: =+D30*D29*0.41*0.07 | E31: =+E29*E30*$P$24*$P$22*$P$23*$P$36 | F31: =+F29*F30*$P$24*$P$22*$P$23*$P$36 | G31: =+G29*G30*$P$24*$P$22*$P$23*$P$36 | H31: =+H29*H30*$P$24*$P$22*$P$23*$P$36*$Q$24 | I31: =+I29*I30*$P$24*$P$22*$P$23*$P$36*$Q$24 | J31: =+J29*J30*$P$24*$P$22*$P$23*$P$36*$Q$24
A32: ステップ配信本数 | D32: 0 | E32: 10 | F32: 10 | G32: 10 | H32: 10 | I32: 10 | J32: 10 | N32: ←基本本数が4本として設計する | O32: 特典の強さ | P32: TRUE | Q32: =+IF(P32=TRUE,1.1,0.95)
A33: ステップ配信からの流入 | D33: 0 | E33: =+E29*E32*$P$26*$P$27*$P$28*$P$36 | F33: =+F29*F32*$P$26*$P$27*$P$28*$P$36 | G33: =+G29*G32*$P$26*$P$27*$P$28*$P$36 | H33: =+H29*H32*$P$26*$P$27*$P$28*$P$36*$Q$28 | I33: =+I29*I32*$P$26*$P$27*$P$28*$P$36*$Q$28 | J33: =+J29*J32*$P$26*$P$27*$P$28*$P$36*$Q$28 | O33: クリエイティブ強さ | P33: TRUE | Q33: =+IF(P33=TRUE,1.1,0.95)
A34: 配信数 | D34: =+D29*D30 | E34: =+E29*E30*$P$24+E29*E32*$P$28 | F34: =+F29*F30*$P$24+F29*F32*$P$28 | G34: =+G29*G30*$P$24+G29*G32*$P$28 | H34: =+H29*H30*$P$24*$Q$24+H29*H32*$P$28*$Q$28 | I34: =+I29*I30*$P$24*$Q$24+I29*I32*$P$28*$Q$28 | J34: =+J29*J30*$P$24*$Q$24+J29*J32*$P$28*$Q$28 | O34: 知名度強さ | P34: TRUE | Q34: =+IF(P34=TRUE,1.1,0.95)
A35: 想定Click数 | D35: =+D31*1.02 | E35: =+E31+E33+1.05*(E31+E33) | F35: =+F31+F33+1.05*(F31+F33) | G35: =+G31+G33+1.05*(G31+G33) | H35: =+H31+H33+1.05*(H31+H33) | I35: =+I31+I33+1.05*(I31+I33) | J35: =+J31+J33+1.05*(J31+J33) | O35: 動線の強さ | P35: TRUE | Q35: =+IF(P35=TRUE,1.1,0.95)
A36: 新規CV | B36: =+C8 | D36: 0 | E36: 5 | F36: 9 | G36: 16 | H36: 16 | I36: 20 | J36: 23 | K36: =SUM(E36:J36) | N36: 新規向け_ | O36: 想定の係数（反応率） | P36: =1*(Q32*Q33*Q34*Q35)
B37: =+C9 | D37: 0 | E37: 0 | F37: 0 | G37: 0 | H37: 0 | I37: 0 | J37: 0 | K37: =SUM(E37:J37) | N37: 新規向け_
A38: リピートCV | B38: =+C10 | D38: 0 | E38: 0 | F38: 0 | G38: 0 | H38: 0 | I38: 0 | J38: 0 | K38: =SUM(E38:J38) | N38: 既存向け_休眠顧客向け | O38: ※①＞②で作成
B39: =+C11 | D39: 0 | E39: 0 | F39: 0 | G39: 0 | H39: 0 | I39: 0 | J39: 0 | K39: =SUM(E39:J39) | N39: 既存向け_休眠顧客向け | O39: ※③＞④で作成
A40: 合計CV | D40: =+SUM(D36:D39) | E40: =+SUM(E36:E39) | F40: =+SUM(F36:F39) | G40: =+SUM(G36:G39) | H40: =+SUM(H36:H39) | I40: =+SUM(I36:I39) | J40: =+SUM(J36:J39) | K40: =SUM(E40:J40)
B41: CVR | D41: =+IFERROR(D40/D35,0) | E41: =+IFERROR(E40/E35,0) | F41: =+IFERROR(F40/F35,0) | G41: =+IFERROR(G40/G35,0) | H41: =+IFERROR(H40/H35,0) | I41: =+IFERROR(I40/I35,0) | J41: =+IFERROR(J40/J35,0) | N41: CV/流入数で計算、0.3%〜1%とかで推移。
A43: ■成果報酬運営 | C43: 現状数値 | D43: 初期
A44: 従量課金 | D44: -- | E44: =+E75*E76 | F44: =+F75*F76 | G44: =+G75*G76 | H44: =+H75*H76 | I44: =+I75*I76 | J44: =+J75*J76
A45: コスト想定(固定費) | C45: =+SUM(C65:C72) | D45: =+SUM(D65:D72) | E45: =SUM(E65:E69)+SUM(E71:E72) | F45: =SUM(F65:F69)+SUM(F71:F72) | G45: =SUM(G65:G69)+SUM(G71:G72) | H45: =SUM(H65:H69)+SUM(H71:H72) | I45: =SUM(I65:I69)+SUM(I71:I72) | J45: =SUM(J65:J69)+SUM(J71:J72)
A46: 友だち獲得単価 | D46: -- | E46: =+SUM(E65:E67)/(E28-D28) | F46: =+SUM(F65:F67)/(F28-E28) | G46: =+SUM(G65:G67)/(G28-F28) | H46: =+SUM(H65:H67)/(H28-G28) | I46: =+SUM(I65:I67)/(I28-H28) | J46: =+SUM(J65:J67)/(J28-I28)
A47: CPC想定 | D47: -- | E47: =+E51/E35 | F47: =+F51/F35 | G47: =+G51/G35 | H47: =+H51/H35 | I47: =+I51/I35 | J47: =+J51/J35
A48: CVR想定 | D48: -- | E48: =+SUM(E36:E39)/E35 | F48: =+SUM(F36:F39)/F35 | G48: =+SUM(G36:G39)/G35 | H48: =+SUM(H36:H39)/H35 | I48: =+SUM(I36:I39)/I35 | J48: =+SUM(J36:J39)/J35
A49: CPA想定 | D49: -- | E49: =+IFERROR(E51/SUM(E36:E39),0) | F49: =+IFERROR(F51/SUM(F36:F39),0) | G49: =+IFERROR(G51/SUM(G36:G39),0) | H49: =+IFERROR(H51/SUM(H36:H39),0) | I49: =+IFERROR(I51/SUM(I36:I39),0) | J49: =+IFERROR(J51/SUM(J36:J39),0)
A50: 成果報酬_費用発生 | D50: -- | E50: =+E36*$D$8+E38*$D$10 | F50: =+F36*$D$8+F38*$D$10 | G50: =+G36*$D$8+G38*$D$10 | H50: =+H36*$D$8+H38*$D$10 | I50: =+I36*$D$8+I38*$D$10 | J50: =+J36*$D$8+J38*$D$10
A51: 総計コスト | C51: =+C45 | D51: =+D45 | E51: =SUM(E45,E50)+E44 | F51: =SUM(F45,F50)+F44 | G51: =SUM(G45,G50)+G44 | H51: =SUM(H45,H50)+H44 | I51: =SUM(I45,I50)+I44 | J51: =SUM(J45,J50)+J44
A53: ■コンサル運営
A54: 従量課金 | D54: =+D75*D76 | E54: =+E75*E76 | F54: =+F75*F76 | G54: =+G75*G76 | H54: =+H75*H76 | I54: =+I75*I76 | J54: =+J75*J76
A55: コスト想定(固定費) | D55: =+SUM(D65:D72) | E55: =SUM(E65:E72)+E54 | F55: =SUM(F65:F72)+F54 | G55: =SUM(G65:G72)+G54 | H55: =SUM(H65:H72)+H54 | I55: =SUM(I65:I72)+I54 | J55: =SUM(J65:J72)+J54
A56: 友だち獲得単価 | D56: -- | E56: =+SUM(E65:E67)/(E28-D28) | F56: =+SUM(F65:F67)/(F28-E28) | G56: =+SUM(G65:G67)/(G28-F28) | H56: =+SUM(H65:H67)/(H28-G28) | I56: =+SUM(I65:I67)/(I28-H28) | J56: =+SUM(J65:J67)/(J28-I28)
A57: CPC想定 | D57: -- | E57: =+E61/E35 | F57: =+F61/F35 | G57: =+G61/G35 | H57: =+H61/H35 | I57: =+I61/I35 | J57: =+J61/J35
A58: CVR想定 | D58: -- | E58: =+SUM(E36:E39)/E35 | F58: =+SUM(F36:F39)/F35 | G58: =+SUM(G36:G39)/G35 | H58: =+SUM(H36:H39)/H35 | I58: =+SUM(I36:I39)/I35 | J58: =+SUM(J36:J39)/J35
A59: CPA想定 | E59: =+IFERROR(E55/E40,0) | F59: =+IFERROR(F55/F40,0) | G59: =+IFERROR(G55/G40,0) | H59: =+IFERROR(H55/H40,0) | I59: =+IFERROR(I55/I40,0) | J59: =+IFERROR(J55/J40,0)
A60: 成果報酬_費用発生
A61: 総計コスト | D61: =+D55 | E61: =+SUM(E65:E72)+E54 | F61: =+SUM(F65:F72)+F54 | G61: =+SUM(G65:G72)+G54 | H61: =+SUM(H65:H72)+H54 | I61: =+SUM(I65:I72)+I54 | J61: =+SUM(J65:J72)+J54
C64: 現状数値 | D64: 初期
A65: コスト備考 | B65: 従量課金 | C65: 0 | D65: 0 | E65: =MAX(0,15000+(E34-30000)*2.75) | F65: =MAX(0,15000+(F34-30000)*2.75) | G65: =MAX(0,15000+(G34-30000)*2.75) | H65: =MAX(0,15000+(H34-30000)*2.75) | I65: =MAX(0,15000+(I34-30000)*2.75) | J65: =MAX(0,15000+(J34-30000)*2.75)
A66: ※コンサル | B66: 離脱防止 | C66: 0 | D66: 15000 | E66: 30000 | F66: 30000 | G66: 30000 | H66: 30000 | I66: 30000 | J66: 30000 | N66: UUにかかわらず、10000円/月にて設定
B67: サンクス誘導 | C67: 0 | D67: 0 | E67: 0 | F67: 0 | G67: 0 | H67: 0 | I67: 0 | J67: 0 | N67: サンクス誘導：初期10万円/通期5万円 ※20%のコストカットOK
B68: アカウント費 | C68: 0 | D68: 30000 | E68: =IF(E34<5000,5000,15000) | F68: =IF(F34<5000,5000,15000) | G68: =IF(G34<5000,5000,15000) | H68: =IF(H34<5000,5000,15000) | I68: =IF(I34<5000,5000,15000) | J68: =IF(J34<5000,5000,15000) | N68: アカウント費用（15000円or5000円）＋従量課金 ※5000通を超える場合15000円～の設定にする ※重量課金は要確認 | O68: プラン単価 | P68: 5000
B69: 初期構築費 | C69: 0 | D69: 200000 | E69: 0 | F69: 0 | G69: 0 | H69: 0 | I69: 0 | J69: 0 | N69: コンサル費用固定 | O69: ←上限通数拡大の際に使用する。
B70: コンサル費② | C70: 0 | D70: 0 | E70: 70000 | F70: 70000 | G70: 70000 | H70: 70000 | I70: 70000 | J70: 70000 | N70: コンサル費用ショット（開発、初期費用）
B71: CPF広告費(Meta転用) | C71: 0 | D71: 0 | E71: 208000 | F71: 208000 | G71: 208000 | H71: 208000 | I71: 208000 | J71: 208000 | N71: 通知メッセージ：要相談、（）
B72: APIツール費 | C72: 0 | D72: 0 | E72: 0 | F72: 0 | G72: 0 | H72: 0 | I72: 0 | J72: 0
B73: コスト総計 | C73: 0 | D73: =SUM(D65:D72) | E73: =SUM(E65:E72) | F73: =SUM(F65:F72) | G73: =SUM(G65:G72) | H73: =SUM(H65:H72) | I73: =SUM(I65:I72) | J73: =SUM(J65:J72)
B75: 追加通数 | D75: =+IF(D34<30001,0,D34-30000) | E75: =+IF(E34<30001,0,E34-30000) | F75: =+IF(F34<30001,0,F34-30000) | G75: =+IF(G34<30001,0,G34-30000) | H75: =+IF(H34<30001,0,H34-30000) | I75: =+IF(I34<30001,0,I34-30000) | J75: =+IF(J34<30001,0,J34-30000)
B76: 想定単価 | D76: =+IF(D75<=$U$18,$Z$18,IF(D75<=$U$19,$Z$19,IF(D75<=$U$20,$Z$20,IF(D75<=$U$21,$Z$21,IF(D75<=$U$22,$Z$22,IF(D75<=$U$23,$Z$23,IF(D75<=$U$24,$Z$24,IF(D75<=$U$25,$Z$25,IF(D75<=$U$26,$Z$26,IF(D75<=$U$27,$Z$27,IF(D75<=$U$28,$Z$28,IF(D75<=$U$29,$Z$29,IF(D75<=$U$30,$Z$30,0))))))))))))) | E76: =+IF(E75<=$U$18,$Z$18,IF(E75<=$U$19,$Z$19,IF(E75<=$U$20,$Z$20,IF(E75<=$U$21,$Z$21,IF(E75<=$U$22,$Z$22,IF(E75<=$U$23,$Z$23,IF(E75<=$U$24,$Z$24,IF(E75<=$U$25,$Z$25,IF(E75<=$U$26,$Z$26,IF(E75<=$U$27,$Z$27,IF(E75<=$U$28,$Z$28,IF(E75<=$U$29,$Z$29,IF(E75<=$U$30,$Z$30,0))))))))))))) | F76: =+IF(F75<=$U$18,$Z$18,IF(F75<=$U$19,$Z$19,IF(F75<=$U$20,$Z$20,IF(F75<=$U$21,$Z$21,IF(F75<=$U$22,$Z$22,IF(F75<=$U$23,$Z$23,IF(F75<=$U$24,$Z$24,IF(F75<=$U$25,$Z$25,IF(F75<=$U$26,$Z$26,IF(F75<=$U$27,$Z$27,IF(F75<=$U$28,$Z$28,IF(F75<=$U$29,$Z$29,IF(F75<=$U$30,$Z$30,0))))))))))))) | G76: =+IF(G75<=$U$18,$Z$18,IF(G75<=$U$19,$Z$19,IF(G75<=$U$20,$Z$20,IF(G75<=$U$21,$Z$21,IF(G75<=$U$22,$Z$22,IF(G75<=$U$23,$Z$23,IF(G75<=$U$24,$Z$24,IF(G75<=$U$25,$Z$25,IF(G75<=$U$26,$Z$26,IF(G75<=$U$27,$Z$27,IF(G75<=$U$28,$Z$28,IF(G75<=$U$29,$Z$29,IF(G75<=$U$30,$Z$30,0))))))))))))) | H76: =+IF(H75<=$U$18,$Z$18,IF(H75<=$U$19,$Z$19,IF(H75<=$U$20,$Z$20,IF(H75<=$U$21,$Z$21,IF(H75<=$U$22,$Z$22,IF(H75<=$U$23,$Z$23,IF(H75<=$U$24,$Z$24,IF(H75<=$U$25,$Z$25,IF(H75<=$U$26,$Z$26,IF(H75<=$U$27,$Z$27,IF(H75<=$U$28,$Z$28,IF(H75<=$U$29,$Z$29,IF(H75<=$U$30,$Z$30,0))))))))))))) | I76: =+IF(I75<=$U$18,$Z$18,IF(I75<=$U$19,$Z$19,IF(I75<=$U$20,$Z$20,IF(I75<=$U$21,$Z$21,IF(I75<=$U$22,$Z$22,IF(I75<=$U$23,$Z$23,IF(I75<=$U$24,$Z$24,IF(I75<=$U$25,$Z$25,IF(I75<=$U$26,$Z$26,IF(I75<=$U$27,$Z$27,IF(I75<=$U$28,$Z$28,IF(I75<=$U$29,$Z$29,IF(I75<=$U$30,$Z$30,0))))))))))))) | J76: =+IF(J75<=$U$18,$Z$18,IF(J75<=$U$19,$Z$19,IF(J75<=$U$20,$Z$20,IF(J75<=$U$21,$Z$21,IF(J75<=$U$22,$Z$22,IF(J75<=$U$23,$Z$23,IF(J75<=$U$24,$Z$24,IF(J75<=$U$25,$Z$25,IF(J75<=$U$26,$Z$26,IF(J75<=$U$27,$Z$27,IF(J75<=$U$28,$Z$28,IF(J75<=$U$29,$Z$29,IF(J75<=$U$30,$Z$30,0)))))))))))))

Sheet SIM2_
A2: Ver. | B2: 46269 | C2: ② CPFなし（サイト流入のみ）
A4: 株式会社御中_LINEOA施策提案【SIM】
N5: ※これより→はPDFにするときに消すようにする（範囲外に）
A7: ■要件定義 | B7: 地点 | C7: 名称 | D7: 成果単価
A8: 新規CV | B8: ①_CV地点 | C8: 求人応募・支援サービス登録 | D8: 17000 | G8: UU | H8: 3215 | J8: 想定顧客リスト | K8: 500 | N8: SimilarWeb等を参考に | O8: ※メルマガ、他SNS等でのリリースが出来るか
B9: ②_CV地点 | C9: - | D9: 0 | G9: 広告・アフィUU | H9: 1600 | N9: 広告比率等を参考に | O9: LINEプレスリリースの可否 | P9: TRUE
A10: リピートCV | B10: ③_CV地点 | C10: - | D10: 0 | G10: CV（別施策）1 | H10: 8 | I10: リード（イメージ） | N10: CV聞けてれば→通知メッセ、サンクスLINE誘導
B11: ④_CV地点 | C11: - | D11: 0 | G11: CV（別施策）2 | H11: 0 | I11: マネタイズ（イメージ）
O12: ↓調整可能です！
A13: 項目 | D13: ※↓現状数値 | E13: 1か月目 | F13: 2か月目 | G13: 3か月目 | H13: 4か月目 | I13: 5か月目 | J13: 6か月目 | K13: 半年合計 | L13: 単月平均（６ヶ月） | N13: 20%くらいの調整は可能です。 | O13: →DYM作業用
A14: WEBサイト | B14: UU全体 | D14: =+H8 | E14: =+D14 | F14: =+E14 | G14: =+F14 | H14: =+G14 | I14: =+H14 | J14: =+I14
B15: UU(うち広告) | D15: =+H9 | E15: =+D15 | F15: =+E15 | G15: =+F15 | H15: =+G15 | I15: =+H15 | J15: =+I15 | N15: （サイト固定リンク） | O15: AD以外のLINE誘導 | P15: 0.005 | S15: ■従量計算式↓
B16: CV（別施策） ※想定 | D16: =H10 | E16: =+D16 | F16: =+E16 | G16: =+F16 | H16: =+G16 | I16: =+H16 | J16: =+I16 | N16: （サイト固定リンク） | O16: ADでのLP/HP→LINE | P16: 0.0025 | S16: ■料金テーブル
A17: 施策 | B17: CPF | D17: FALSE | E17: FALSE | F17: FALSE | G17: FALSE | H17: FALSE | I17: FALSE | J17: FALSE | K17: -- | L17: -- | S17: 課金対象配信総数 | W17: 費用 | Z17: 単価
B18: 離脱防止 | D18: FALSE | E18: TRUE | F18: TRUE | G18: TRUE | H18: TRUE | I18: TRUE | J18: TRUE | K18: -- | L18: -- | N18: KaiU表示率 | O18: 離脱防止表示率（AD） | P18: 0.65 | S18: 0 | T18: - | U18: 200000 | W18: 0 | X18: - | Y18: 600000 | Z18: 3
B19: サンクスLINE誘導 | D19: FALSE | E19: FALSE | F19: FALSE | G19: FALSE | H19: FALSE | I19: FALSE | J19: FALSE | N19: KaiU表示率 | O19: 離脱防止表示率（SEO） | P19: 0.55 | S19: 200000 | T19: - | U19: 15000000 | W19: 600000 | X19: - | Y19: =+U19*2.5 | Z19: 2.5
B20: 通知メッセージ_CV | D20: FALSE | E20: FALSE | F20: FALSE | G20: FALSE | H20: FALSE | I20: FALSE | J20: FALSE
B21: 通知メッセージ_既存リスト | D21: FALSE | E21: FALSE | F21: FALSE | G21: FALSE | H21: FALSE | I21: FALSE | J21: FALSE | K21: -- | L21: -- | O21: ↓企画投稿
A22: 施策増分 ※友だち | B22: CPF | D22: -- | E22: 0 | F22: 0 | G22: 0 | H22: 0 | I22: 0 | J22: 0 | N22: CPFコスト / CPFの単価設定 ※ブロック率が上がりやすい | O22: 開封率 | P22: 0.78
B23: 離脱防止 | D23: -- | E23: =IF(E18=FALSE,0,E15*$P$18*0.08*0.08+(E14-E15)*$P$19*0.12*0.12) | F23: =IF(F18=FALSE,0,F15*$P$18*0.08*0.08+(F14-F15)*$P$19*0.12*0.12) | G23: =F23*1.01 | H23: =G23*1.01 | I23: =H23*1.01 | J23: =I23*1.01 | N23: 離脱防止表示率×UU×クリック率×実追加率 | O23: クリック率 | P23: 0.1 | Q23: 4‐6か月後係数
B24: サンクスLINE誘導 | D24: -- | E24: =+IF(E19=FALSE,0,SUM(H10:H11)*0.15) | F24: =E24*1.01 | G24: =F24*1.01 | H24: =G24*1.01 | I24: =H24*1.01 | J24: =I24*1.01 | N24: CV(別施策)*誘導成功率*実追加率 | O24: audienceターゲ率 | P24: 0.8 | Q24: 0.8
B25: 通知メッセージ | D25: -- | E25: =+IF(E20=FALSE,0,SUM($H$10:$H$11)*0.7*0.3)+IF($E$21=FALSE,0,$K$8*0.15*0.15) | F25: =+IF(F20=FALSE,0,SUM($H$10:$H$11)*0.7*0.3)+IF($E$21=FALSE,0,$K$8*0.15*0.15) | G25: =+IF(G20=FALSE,0,SUM($H$10:$H$11)*0.7*0.3)+IF($E$21=FALSE,0,$K$8*0.15*0.15) | H25: =+IF(H20=FALSE,0,SUM($H$10:$H$11)*0.7*0.3)+IF($E$21=FALSE,0,$K$8*0.15*0.15) | I25: =+IF(I20=FALSE,0,SUM($H$10:$H$11)*0.7*0.3)+IF($E$21=FALSE,0,$K$8*0.15*0.15) | J25: =+IF(J20=FALSE,0,SUM($H$10:$H$11)*0.7*0.3)+IF($E$21=FALSE,0,$K$8*0.15*0.15) | N25: サンクス到達*情報一致率(70%前後)*実追加率 | O25: ↓ステップ配信
A26: 友だち数_増加数 | D26: -- | E26: =+SUM(E22:E25)+$H$9*$P$16+($H$8-$H$9)*$P$15+IF(P9=FALSE,0,$K$8*0.15*0.08) | F26: =+SUM(F22:F25)+$H$9*$P$16+($H$8-$H$9)*$P$15 | G26: =+SUM(G22:G25)+$H$9*$P$16+($H$8-$H$9)*$P$15 | H26: =+SUM(H22:H25)+$H$9*$P$16+($H$8-$H$9)*$P$15 | I26: =+SUM(I22:I25)+$H$9*$P$16+($H$8-$H$9)*$P$15 | J26: =+SUM(J22:J25)+$H$9*$P$16+($H$8-$H$9)*$P$15 | N26: ※上記記載に追加して、LP、HPからのLINE誘導を加味する | O26: 開封率 | P26: 0.725
A27: ブロック率 | D27: 0 | E27: 0.406 | F27: =+E27*1.025 | G27: =+F27*1.025 | H27: =+G27*1.025 | I27: =+H27*1.025 | J27: =+I27*1.025 | O27: クリック率 | P27: 0.12 | Q27: 4‐6か月後係数
A28: 友だち数 | D28: 0 | E28: =+D28+E26 | F28: =+E28+F26 | G28: =+F28+G26 | H28: =+G28+H26 | I28: =+H28+I26 | J28: =+I28+J26 | O28: audienceターゲ率 | P28: 0.2 | Q28: 0.8
A29: ターゲット数 | D29: 0 | E29: =+E28*(1-E27) | F29: =+F28*(1-F27) | G29: =+G28*(1-G27) | H29: =+H28*(1-H27) | I29: =+I28*(1-I27) | J29: =+J28*(1-J27) | N29: ※ターゲット数の増加分が通常の増加分を超えないように調整する
A30: 企画投稿数 | D30: 0 | E30: 4 | F30: 4 | G30: 4 | H30: 4 | I30: 4 | J30: 4 | N30: ←基本本数が4本として設計する（ユーザー数と固定費で調整） | O30: CPFの単価設定
A31: 企画投稿からの流入 | D31: =+D30*D29*0.41*0.07 | E31: =+E29*E30*$P$24*$P$22*$P$23*$P$36 | F31: =+F29*F30*$P$24*$P$22*$P$23*$P$36 | G31: =+G29*G30*$P$24*$P$22*$P$23*$P$36 | H31: =+H29*H30*$P$24*$P$22*$P$23*$P$36*$Q$24 | I31: =+I29*I30*$P$24*$P$22*$P$23*$P$36*$Q$24 | J31: =+J29*J30*$P$24*$P$22*$P$23*$P$36*$Q$24
A32: ステップ配信本数 | D32: 0 | E32: 10 | F32: 10 | G32: 10 | H32: 10 | I32: 10 | J32: 10 | N32: ←基本本数が4本として設計する | O32: 特典の強さ | P32: TRUE | Q32: =+IF(P32=TRUE,1.1,0.95)
A33: ステップ配信からの流入 | D33: 0 | E33: =+E29*E32*$P$26*$P$27*$P$28*$P$36 | F33: =+F29*F32*$P$26*$P$27*$P$28*$P$36 | G33: =+G29*G32*$P$26*$P$27*$P$28*$P$36 | H33: =+H29*H32*$P$26*$P$27*$P$28*$P$36*$Q$28 | I33: =+I29*I32*$P$26*$P$27*$P$28*$P$36*$Q$28 | J33: =+J29*J32*$P$26*$P$27*$P$28*$P$36*$Q$28 | O33: クリエイティブ強さ | P33: TRUE | Q33: =+IF(P33=TRUE,1.1,0.95)
A34: 配信数 | D34: =+D29*D30 | E34: =+E29*E30*$P$24+E29*E32*$P$28 | F34: =+F29*F30*$P$24+F29*F32*$P$28 | G34: =+G29*G30*$P$24+G29*G32*$P$28 | H34: =+H29*H30*$P$24*$Q$24+H29*H32*$P$28*$Q$28 | I34: =+I29*I30*$P$24*$Q$24+I29*I32*$P$28*$Q$28 | J34: =+J29*J30*$P$24*$Q$24+J29*J32*$P$28*$Q$28 | O34: 知名度強さ | P34: TRUE | Q34: =+IF(P34=TRUE,1.1,0.95)
A35: 想定Click数 | D35: =+D31*1.02 | E35: =+E31+E33+1.05*(E31+E33) | F35: =+F31+F33+1.05*(F31+F33) | G35: =+G31+G33+1.05*(G31+G33) | H35: =+H31+H33+1.05*(H31+H33) | I35: =+I31+I33+1.05*(I31+I33) | J35: =+J31+J33+1.05*(J31+J33) | O35: 動線の強さ | P35: TRUE | Q35: =+IF(P35=TRUE,1.1,0.95)
A36: 新規CV | B36: =+C8 | D36: 0 | E36: 0.2 | F36: 0.5 | G36: 0.7 | H36: 0.7 | I36: 0.9 | J36: 1 | K36: =SUM(E36:J36) | N36: 新規向け_ | O36: 想定の係数（反応率） | P36: =1*(Q32*Q33*Q34*Q35)
B37: =+C9 | D37: 0 | E37: 0 | F37: 0 | G37: 0 | H37: 0 | I37: 0 | J37: 0 | K37: =SUM(E37:J37) | N37: 新規向け_
A38: リピートCV | B38: =+C10 | D38: 0 | E38: 0 | F38: 0 | G38: 0 | H38: 0 | I38: 0 | J38: 0 | K38: =SUM(E38:J38) | N38: 既存向け_休眠顧客向け | O38: ※①＞②で作成
B39: =+C11 | D39: 0 | E39: 0 | F39: 0 | G39: 0 | H39: 0 | I39: 0 | J39: 0 | K39: =SUM(E39:J39) | N39: 既存向け_休眠顧客向け | O39: ※③＞④で作成
A40: 合計CV | D40: =+SUM(D36:D39) | E40: =+SUM(E36:E39) | F40: =+SUM(F36:F39) | G40: =+SUM(G36:G39) | H40: =+SUM(H36:H39) | I40: =+SUM(I36:I39) | J40: =+SUM(J36:J39) | K40: =SUM(E40:J40)
B41: CVR | D41: =+IFERROR(D40/D35,0) | E41: =+IFERROR(E40/E35,0) | F41: =+IFERROR(F40/F35,0) | G41: =+IFERROR(G40/G35,0) | H41: =+IFERROR(H40/H35,0) | I41: =+IFERROR(I40/I35,0) | J41: =+IFERROR(J40/J35,0) | N41: CV/流入数で計算、0.3%〜1%とかで推移。
A43: ■成果報酬運営 | C43: 現状数値 | D43: 初期
A44: 従量課金 | D44: -- | E44: =+E75*E76 | F44: =+F75*F76 | G44: =+G75*G76 | H44: =+H75*H76 | I44: =+I75*I76 | J44: =+J75*J76
A45: コスト想定(固定費) | C45: =+SUM(C65:C72) | D45: =+SUM(D65:D72) | E45: =SUM(E65:E69)+SUM(E71:E72) | F45: =SUM(F65:F69)+SUM(F71:F72) | G45: =SUM(G65:G69)+SUM(G71:G72) | H45: =SUM(H65:H69)+SUM(H71:H72) | I45: =SUM(I65:I69)+SUM(I71:I72) | J45: =SUM(J65:J69)+SUM(J71:J72)
A46: 友だち獲得単価 | D46: -- | E46: =+SUM(E65:E67)/(E28-D28) | F46: =+SUM(F65:F67)/(F28-E28) | G46: =+SUM(G65:G67)/(G28-F28) | H46: =+SUM(H65:H67)/(H28-G28) | I46: =+SUM(I65:I67)/(I28-H28) | J46: =+SUM(J65:J67)/(J28-I28)
A47: CPC想定 | D47: -- | E47: =+E51/E35 | F47: =+F51/F35 | G47: =+G51/G35 | H47: =+H51/H35 | I47: =+I51/I35 | J47: =+J51/J35
A48: CVR想定 | D48: -- | E48: =+SUM(E36:E39)/E35 | F48: =+SUM(F36:F39)/F35 | G48: =+SUM(G36:G39)/G35 | H48: =+SUM(H36:H39)/H35 | I48: =+SUM(I36:I39)/I35 | J48: =+SUM(J36:J39)/J35
A49: CPA想定 | D49: -- | E49: =+IFERROR(E51/SUM(E36:E39),0) | F49: =+IFERROR(F51/SUM(F36:F39),0) | G49: =+IFERROR(G51/SUM(G36:G39),0) | H49: =+IFERROR(H51/SUM(H36:H39),0) | I49: =+IFERROR(I51/SUM(I36:I39),0) | J49: =+IFERROR(J51/SUM(J36:J39),0)
A50: 成果報酬_費用発生 | D50: -- | E50: =+E36*$D$8+E38*$D$10 | F50: =+F36*$D$8+F38*$D$10 | G50: =+G36*$D$8+G38*$D$10 | H50: =+H36*$D$8+H38*$D$10 | I50: =+I36*$D$8+I38*$D$10 | J50: =+J36*$D$8+J38*$D$10
A51: 総計コスト | C51: =+C45 | D51: =+D45 | E51: =SUM(E45,E50)+E44 | F51: =SUM(F45,F50)+F44 | G51: =SUM(G45,G50)+G44 | H51: =SUM(H45,H50)+H44 | I51: =SUM(I45,I50)+I44 | J51: =SUM(J45,J50)+J44
A53: ■コンサル運営
A54: 従量課金 | D54: =+D75*D76 | E54: =+E75*E76 | F54: =+F75*F76 | G54: =+G75*G76 | H54: =+H75*H76 | I54: =+I75*I76 | J54: =+J75*J76
A55: コスト想定(固定費) | D55: =+SUM(D65:D72) | E55: =SUM(E65:E72)+E54 | F55: =SUM(F65:F72)+F54 | G55: =SUM(G65:G72)+G54 | H55: =SUM(H65:H72)+H54 | I55: =SUM(I65:I72)+I54 | J55: =SUM(J65:J72)+J54
A56: 友だち獲得単価 | D56: -- | E56: =+SUM(E65:E67)/(E28-D28) | F56: =+SUM(F65:F67)/(F28-E28) | G56: =+SUM(G65:G67)/(G28-F28) | H56: =+SUM(H65:H67)/(H28-G28) | I56: =+SUM(I65:I67)/(I28-H28) | J56: =+SUM(J65:J67)/(J28-I28)
A57: CPC想定 | D57: -- | E57: =+E61/E35 | F57: =+F61/F35 | G57: =+G61/G35 | H57: =+H61/H35 | I57: =+I61/I35 | J57: =+J61/J35
A58: CVR想定 | D58: -- | E58: =+SUM(E36:E39)/E35 | F58: =+SUM(F36:F39)/F35 | G58: =+SUM(G36:G39)/G35 | H58: =+SUM(H36:H39)/H35 | I58: =+SUM(I36:I39)/I35 | J58: =+SUM(J36:J39)/J35
A59: CPA想定 | E59: =+IFERROR(E55/E40,0) | F59: =+IFERROR(F55/F40,0) | G59: =+IFERROR(G55/G40,0) | H59: =+IFERROR(H55/H40,0) | I59: =+IFERROR(I55/I40,0) | J59: =+IFERROR(J55/J40,0)
A60: 成果報酬_費用発生
A61: 総計コスト | D61: =+D55 | E61: =+SUM(E65:E72)+E54 | F61: =+SUM(F65:F72)+F54 | G61: =+SUM(G65:G72)+G54 | H61: =+SUM(H65:H72)+H54 | I61: =+SUM(I65:I72)+I54 | J61: =+SUM(J65:J72)+J54
C64: 現状数値 | D64: 初期
A65: コスト備考 | B65: 従量課金 | C65: 0 | D65: 0 | E65: =MAX(0,15000+(E34-30000)*2.75) | F65: =MAX(0,15000+(F34-30000)*2.75) | G65: =MAX(0,15000+(G34-30000)*2.75) | H65: =MAX(0,15000+(H34-30000)*2.75) | I65: =MAX(0,15000+(I34-30000)*2.75) | J65: =MAX(0,15000+(J34-30000)*2.75)
A66: ※コンサル | B66: 離脱防止 | C66: 0 | D66: 15000 | E66: 30000 | F66: 30000 | G66: 30000 | H66: 30000 | I66: 30000 | J66: 30000 | N66: UUにかかわらず、10000円/月にて設定
B67: サンクス誘導 | C67: 0 | D67: 0 | E67: 0 | F67: 0 | G67: 0 | H67: 0 | I67: 0 | J67: 0 | N67: サンクス誘導：初期10万円/通期5万円 ※20%のコストカットOK
B68: アカウント費 | C68: 0 | D68: 30000 | E68: =IF(E34<5000,5000,15000) | F68: =IF(F34<5000,5000,15000) | G68: =IF(G34<5000,5000,15000) | H68: =IF(H34<5000,5000,15000) | I68: =IF(I34<5000,5000,15000) | J68: =IF(J34<5000,5000,15000) | N68: アカウント費用（15000円or5000円）＋従量課金 ※5000通を超える場合15000円～の設定にする ※重量課金は要確認 | O68: プラン単価 | P68: 5000
B69: 初期構築費 | C69: 0 | D69: 200000 | E69: 0 | F69: 0 | G69: 0 | H69: 0 | I69: 0 | J69: 0 | N69: コンサル費用固定 | O69: ←上限通数拡大の際に使用する。
B70: コンサル費② | C70: 0 | D70: 0 | E70: 70000 | F70: 70000 | G70: 70000 | H70: 70000 | I70: 70000 | J70: 70000 | N70: コンサル費用ショット（開発、初期費用）
B71: CPF広告費(Meta転用) | C71: 0 | D71: 0 | E71: 0 | F71: 0 | G71: 0 | H71: 0 | I71: 0 | J71: 0 | N71: 通知メッセージ：要相談、（）
B72: APIツール費 | C72: 0 | D72: 0 | E72: 0 | F72: 0 | G72: 0 | H72: 0 | I72: 0 | J72: 0
B73: コスト総計 | C73: 0 | D73: =SUM(D65:D72) | E73: =SUM(E65:E72) | F73: =SUM(F65:F72) | G73: =SUM(G65:G72) | H73: =SUM(H65:H72) | I73: =SUM(I65:I72) | J73: =SUM(J65:J72)
B75: 追加通数 | D75: =+IF(D34<30001,0,D34-30000) | E75: =+IF(E34<30001,0,E34-30000) | F75: =+IF(F34<30001,0,F34-30000) | G75: =+IF(G34<30001,0,G34-30000) | H75: =+IF(H34<30001,0,H34-30000) | I75: =+IF(I34<30001,0,I34-30000) | J75: =+IF(J34<30001,0,J34-30000)
B76: 想定単価 | D76: =+IF(D75<=$U$18,$Z$18,IF(D75<=$U$19,$Z$19,IF(D75<=$U$20,$Z$20,IF(D75<=$U$21,$Z$21,IF(D75<=$U$22,$Z$22,IF(D75<=$U$23,$Z$23,IF(D75<=$U$24,$Z$24,IF(D75<=$U$25,$Z$25,IF(D75<=$U$26,$Z$26,IF(D75<=$U$27,$Z$27,IF(D75<=$U$28,$Z$28,IF(D75<=$U$29,$Z$29,IF(D75<=$U$30,$Z$30,0))))))))))))) | E76: =+IF(E75<=$U$18,$Z$18,IF(E75<=$U$19,$Z$19,IF(E75<=$U$20,$Z$20,IF(E75<=$U$21,$Z$21,IF(E75<=$U$22,$Z$22,IF(E75<=$U$23,$Z$23,IF(E75<=$U$24,$Z$24,IF(E75<=$U$25,$Z$25,IF(E75<=$U$26,$Z$26,IF(E75<=$U$27,$Z$27,IF(E75<=$U$28,$Z$28,IF(E75<=$U$29,$Z$29,IF(E75<=$U$30,$Z$30,0))))))))))))) | F76: =+IF(F75<=$U$18,$Z$18,IF(F75<=$U$19,$Z$19,IF(F75<=$U$20,$Z$20,IF(F75<=$U$21,$Z$21,IF(F75<=$U$22,$Z$22,IF(F75<=$U$23,$Z$23,IF(F75<=$U$24,$Z$24,IF(F75<=$U$25,$Z$25,IF(F75<=$U$26,$Z$26,IF(F75<=$U$27,$Z$27,IF(F75<=$U$28,$Z$28,IF(F75<=$U$29,$Z$29,IF(F75<=$U$30,$Z$30,0))))))))))))) | G76: =+IF(G75<=$U$18,$Z$18,IF(G75<=$U$19,$Z$19,IF(G75<=$U$20,$Z$20,IF(G75<=$U$21,$Z$21,IF(G75<=$U$22,$Z$22,IF(G75<=$U$23,$Z$23,IF(G75<=$U$24,$Z$24,IF(G75<=$U$25,$Z$25,IF(G75<=$U$26,$Z$26,IF(G75<=$U$27,$Z$27,IF(G75<=$U$28,$Z$28,IF(G75<=$U$29,$Z$29,IF(G75<=$U$30,$Z$30,0))))))))))))) | H76: =+IF(H75<=$U$18,$Z$18,IF(H75<=$U$19,$Z$19,IF(H75<=$U$20,$Z$20,IF(H75<=$U$21,$Z$21,IF(H75<=$U$22,$Z$22,IF(H75<=$U$23,$Z$23,IF(H75<=$U$24,$Z$24,IF(H75<=$U$25,$Z$25,IF(H75<=$U$26,$Z$26,IF(H75<=$U$27,$Z$27,IF(H75<=$U$28,$Z$28,IF(H75<=$U$29,$Z$29,IF(H75<=$U$30,$Z$30,0))))))))))))) | I76: =+IF(I75<=$U$18,$Z$18,IF(I75<=$U$19,$Z$19,IF(I75<=$U$20,$Z$20,IF(I75<=$U$21,$Z$21,IF(I75<=$U$22,$Z$22,IF(I75<=$U$23,$Z$23,IF(I75<=$U$24,$Z$24,IF(I75<=$U$25,$Z$25,IF(I75<=$U$26,$Z$26,IF(I75<=$U$27,$Z$27,IF(I75<=$U$28,$Z$28,IF(I75<=$U$29,$Z$29,IF(I75<=$U$30,$Z$30,0))))))))))))) | J76: =+IF(J75<=$U$18,$Z$18,IF(J75<=$U$19,$Z$19,IF(J75<=$U$20,$Z$20,IF(J75<=$U$21,$Z$21,IF(J75<=$U$22,$Z$22,IF(J75<=$U$23,$Z$23,IF(J75<=$U$24,$Z$24,IF(J75<=$U$25,$Z$25,IF(J75<=$U$26,$Z$26,IF(J75<=$U$27,$Z$27,IF(J75<=$U$28,$Z$28,IF(J75<=$U$29,$Z$29,IF(J75<=$U$30,$Z$30,0)))))))))))))

Sheet SIM1_比較
E1: →通数減らすように係数： | F1: 0.6
A3: 比較項目 | C3: DYM実装前 | D3: DYM実装後（③か月） | E3: DYM実装後（⑥か月）
A4: コスト想定 ※月額（成果報酬プラン） | C4: =+SIM1_!D24 | D4: =+SIM1_!G51 | E4: =+SIM1_!J51
A5: コスト想定 ※月額（固定プラン） | C5: =+SIM1_!D25 | D5: =+SIM1_!G61 | E5: =+SIM1_!J61
A6: 友だち数想定 | C6: =+SIM1_!D28 | D6: =+SIM1_!G28 | E6: =+SIM1_!J28
A7: ブロック率想定 | C7: =+SIM1_!D27 | D7: =+D8/D6 | E7: =+E8/E6
A8: 友だち数（アクティブ）想定 | C8: =+SIM1_!D29 | D8: =+SIM1_!G29 | E8: =+SIM1_!J29
A10: メッセ通数 | C10: =+SIM1_!D34 | D10: =+SIM1_!G34 | E10: =+SIM1_!J34
A11: サイト流入数（LINEから） | C11: =+SIM1_!D35 | D11: =+SIM1_!G35 | E11: =+SIM1_!J35
A12: 想定CPC（LINEOA施策）_成果報酬プラン | C12: =+IFERROR(C5/C11,0) | D12: =+D4/D11 | E12: =+E4/E11
A13: 想定CPC（LINEOA施策）_固定運用プラン | C13: =+IFERROR(C6/C12,0) | D13: =+D5/D11 | E13: =+E5/E11
R14: ■従量計算式↓
A15: CV数（もともと） | C15: =+SIM1_!D16 | D15: =+SIM1_!E16 | E15: =+SIM1_!F16 | R15: ■料金テーブル
A16: CV数（+LINEOA施策） | C16: =SUM(C17:C20) | D16: =SUM(D17:D20) | E16: =SUM(E17:E20) | R16: 課金対象配信総数 | V16: 費用 | Y16: 単価
A17: OA施策CV_内訳①_新規CV1 | C17: =+SIM1_!D36 | D17: =+SIM1_!G36 | E17: =+SIM1_!J36 | R17: 0 | S17: - | T17: 200000 | V17: 0 | W17: - | X17: 600000 | Y17: 3
A18: OA施策CV_内訳②_新規CV2 | C18: =+SIM1_!D37 | D18: =+SIM1_!G37 | E18: =+SIM1_!J37 | R18: 200000 | S18: - | T18: 15000000 | V18: 600000 | W18: - | X18: =+T18*2.5 | Y18: 2.5
A19: OA施策CV_内訳③_リピCV3 | C19: =+SIM1_!D38 | D19: =+SIM1_!G38 | E19: =+SIM1_!J38
A20: OA施策CV_内訳④_リピCV4 | C20: =+SIM1_!D39 | D20: =+SIM1_!G39 | E20: =+SIM1_!J39
A22: 成果報酬プラン_CPA（単純計算） | C22: =+IFERROR(C4/C16,"--") | D22: =+IFERROR(D4/D16,"--") | E22: =+IFERROR(E4/E16,"--")
A23: 固定費プラン_CPA（単純計算） | C23: =+IFERROR(C5/C16,"--") | D23: =+IFERROR(D5/D16,"--") | E23: =+IFERROR(E5/E16,"--")
A25: 備考_合計コスト(従量課金) ※アカウント費用 | C25: =15000+C29*C30 | D25: =15000+D29*D30 | E25: =15000+E29*E30
A29: 従量課金対象単価 | C29: =+IF(C10<=30000,0,C10-30000) | D29: =+IF(D10<=30000,0,D10-30000) | E29: =+IF(E10<=30000,0,E10-30000)
A30: 備考単価 | C30: =+IF(C29<=$T$17,$Y$17,IF(C29<=$T$18,$Y$18,IF(C29<=$T$19,$Y$19,IF(C29<=$T$20,$Y$20,IF(C29<=$T$21,$Y$21,IF(C29<=$T$22,$Y$22,IF(C29<=$T$23,$Y$23,IF(C29<=$T$24,$Y$24,IF(C29<=$T$25,$Y$25,IF(C29<=$T$26,$Y$26,IF(C29<=$T$27,$Y$27,IF(C29<=$T$28,$Y$28,IF(C29<=$T$29,$Y$29,0))))))))))))) | D30: =+IF(D29<=$T$17,$Y$17,IF(D29<=$T$18,$Y$18,IF(D29<=$T$19,$Y$19,IF(D29<=$T$20,$Y$20,IF(D29<=$T$21,$Y$21,IF(D29<=$T$22,$Y$22,IF(D29<=$T$23,$Y$23,IF(D29<=$T$24,$Y$24,IF(D29<=$T$25,$Y$25,IF(D29<=$T$26,$Y$26,IF(D29<=$T$27,$Y$27,IF(D29<=$T$28,$Y$28,IF(D29<=$T$29,$Y$29,0))))))))))))) | E30: =+IF(E29<=$T$17,$Y$17,IF(E29<=$T$18,$Y$18,IF(E29<=$T$19,$Y$19,IF(E29<=$T$20,$Y$20,IF(E29<=$T$21,$Y$21,IF(E29<=$T$22,$Y$22,IF(E29<=$T$23,$Y$23,IF(E29<=$T$24,$Y$24,IF(E29<=$T$25,$Y$25,IF(E29<=$T$26,$Y$26,IF(E29<=$T$27,$Y$27,IF(E29<=$T$28,$Y$28,IF(E29<=$T$29,$Y$29,0)))))))))))))
A35: 階層別 | C35: 母数 | D35: 誘導率 | E35: 想定CVR | F35: 想定CVR

Sheet SIM考え方
A2: 友だち数_増加施策
A3: 離脱防止 ※
A4: 掲載率 | B4: ※サイト構成、要望により変動 | E4: 1000
A5: クリック率 | B5: 0.085
A6: 追加率 | B6: 0.08
E7: =+E4*B5*B6
A8: サイト→LINEの導線の改善 ※
A9: 掲載率 | B9: ※サイト構成、要望により変動 | E9: 1000
A10: クリック率 | B10: 0.005
A11: 追加率 | B11: 0.08
E12: =+E9*B10*B11
A13: サンクスページ誘導 ※ | D13: ただCVが増えるわけではない
A14: 掲載数 | B14: ※サイト構成、要望により変動 | E14: 1000
A15: クリック率 | B15: 0.9 | C15: ※カウントしない
A16: 追加率 | B16: 0.35
E17: =+E14*B15*B16
A18: 通知メッセの改善 ※ | D18: ただCVが増えるわけではない
A19: 掲載率 | B19: 0.7 | C19: ※サイト構成、要望により変動 | E19: 1000
A20: クリック率 | B20: 1
A21: 追加率 | B21: 0.2
E22: =+E19*B20*B21
A23: 配信効率改善施策 | C23: ※具体的なセグメントの仕方、企画により変動 | I23: 課金
A24: > 通常メッセ | I24: 1 | J24: 企画投稿（セグメントor一斉配信）
A25: 開封率 | B25: 0.8 | I25: 2 | J25: 追いメッセージ（ステップ、シナリオ）
A26: クリック率 | B26: 0.06 | I26: 3 | J26: VOOM投稿 ※同時進行の場合が多い
A27: CV率 | B27: 0.003 | I27: 4 | J27: 通知メッセージ（1通7円くらいの想定） ※機能導入が必要 ※ツール費：月8万～
A29: > 追いメッセ（ステップ、シナリオ） | I29: 非課金
A30: 開封率 | B30: 0.75 | I30: 1 | J30: 自動の即時応答
A31: クリック率 | B31: 0.08 | I31: 2 | J31: 個別チャット対応
A32: CV率 | B32: 0.006 | I32: 3 | J32: あいさつメッセージ
I33: 4 | J33: （リッチメニュー）
A34: > その他（リッチメニュー）
A35: 開封率 | B35: --
A36: クリック率 | B36: 0.02
A37: CV率 | B37: 0.004
A39: >挨拶メッセ | E39: >挨拶メッセ（アンケート回答率）
A40: 開封率 | B40: 1 | E40: 開封率 | F40: --
A41: クリック率 | B41: 0.035 | E41: 回答率 | F41: 0.25
A42: CV率 | B42: 0.006
