Workbook

Sheet SIM
A2: Ver. | B2: 46315
A4: 株式会社横浜シミズ御中_LINEOA施策提案【SIM】（サイトのLINEボタン＋離脱防止＋サンクスLINE誘導）
N5: ※これより→はPDFにするときに消すようにする（範囲外に）
A7: ■要件定義 | B7: 地点 | C7: 名称 | D7: 成果単価
A8: 新規CV | B8: ①_CV地点 | C8: 新規応募 | D8: 6000 | G8: サイトUU | H8: 8947 | J8: 想定顧客リスト | K8: 0 | N8: CV①新規応募：サイトのLINEボタン・離脱防止で友だちになった方（応募前）が、配信から応募した数。サンクスLINE誘導で友だちになった方は応募済みなので、新規応募には数えない | O8: ※メルマガ、他SNS等でのリリースが出来るか
B9: ②_CV地点 | C9: - | D9: 0 | G9: うち広告 | H9: 0 | N9: 広告比率等を参考に | O9: LINEプレスリリースの可否 | P9: FALSE
A10: リピートCV | B10: ③_CV地点 | C10: 再応募 | D10: 6000 | G10: 応募（サイト・仮に） | H10: 89 | I10: リード（イメージ） | N10: サイトからの応募は与件に無いので、仮にUUの1.0%（月89件・資料と同じ）
B11: ④_CV地点 | C11: - | D11: 0 | G11: CV（別施策）2 | H11: 0 | I11: マネタイズ（イメージ）
O12: ↓調整可能です！
A13: 項目 | D13: ※↓現状数値 | E13: 1か月目 | F13: 2か月目 | G13: 3か月目 | H13: 4か月目 | I13: 5か月目 | J13: 6か月目 | K13: 半年合計 | L13: 単月平均（６ヶ月） | N13: 20%くらいの調整は可能です。 | O13: →DYM作業用
A14: WEBサイト | B14: UU全体 | D14: =+H8 -> 8947 | E14: =+D14 -> 8947 | F14: =+E14 -> 8947 | G14: =+F14 -> 8947 | H14: =+G14 -> 8947 | I14: =+H14 -> 8947 | J14: =+I14 -> 8947 | N14: 求人サイトの月間UU 8,947（与件）。6か月同じ
B15: UU(うち広告) | D15: =+H9 -> 0 | E15: =+D15 -> 0 | F15: =+E15 -> 0 | G15: =+F15 -> 0 | H15: =+G15 -> 0 | I15: =+H15 -> 0 | J15: =+I15 -> 0 | N15: （サイト固定リンク） | O15: AD以外のLINE誘導 | P15: 0.005 | S15: ■従量計算式↓
B16: CV（別施策） ※想定 | D16: =H10 -> 89 | E16: =+D16 -> 89 | F16: =+E16 -> 89 | G16: =+F16 -> 89 | H16: =+G16 -> 89 | I16: =+H16 -> 89 | J16: =+I16 -> 89 | N16: （サイト固定リンク） | O16: ADでのLP/HP→LINE | P16: 0.0025 | S16: ■料金テーブル
A17: 施策 | B17: CPF | D17: FALSE | E17: FALSE | F17: FALSE | G17: FALSE | H17: FALSE | I17: FALSE | J17: FALSE | K17: -- | L17: -- | S17: 課金対象配信総数 | W17: 費用 | Z17: 単価
B18: 離脱防止ポップアップ | D18: FALSE | E18: TRUE | F18: TRUE | G18: TRUE | H18: TRUE | I18: TRUE | J18: TRUE | K18: -- | L18: -- | N18: KaiU表示率 | O18: 離脱防止表示率（AD） | P18: 0.65 | S18: 0 | T18: - | U18: 200000 | W18: 0 | X18: - | Y18: 600000 | Z18: 3
B19: サンクスLINE誘導 | D19: FALSE | E19: TRUE | F19: TRUE | G19: TRUE | H19: TRUE | I19: TRUE | J19: TRUE | N19: KaiU表示率 | O19: 離脱防止表示率（SEO） | P19: 0.55 | S19: 200000 | T19: - | U19: 15000000 | W19: 600000 | X19: - | Y19: =+U19*2.5 -> 37500000 | Z19: 2.5
B20: 通知メッセージ_CV | D20: FALSE | E20: FALSE | F20: FALSE | G20: FALSE | H20: FALSE | I20: FALSE | J20: FALSE
B21: 通知メッセージ_既存リスト | D21: FALSE | E21: FALSE | F21: FALSE | G21: FALSE | H21: FALSE | I21: FALSE | J21: FALSE | K21: -- | L21: -- | O21: ↓企画投稿
A22: 施策増分 ※友だち | B22: CPF | D22: -- | E22: 0 | F22: 0 | G22: 0 | H22: 0 | I22: 0 | J22: 0 | N22: CPFコスト / CPFの単価設定 ※ブロック率が上がりやすい | O22: 開封率 | P22: 0.78
B23: 離脱防止ポップアップ | D23: -- | E23: =IF(E18=FALSE,0,E14*$P$18*0.125*0.125) -> 90.867969 | F23: =IF(F18=FALSE,0,F14*$P$18*0.125*0.125) -> 90.867969 | G23: =IF(G18=FALSE,0,G14*$P$18*0.125*0.125) -> 90.867969 | H23: =IF(H18=FALSE,0,H14*$P$18*0.125*0.125) -> 90.867969 | I23: =IF(I18=FALSE,0,I14*$P$18*0.125*0.125) -> 90.867969 | J23: =IF(J18=FALSE,0,J14*$P$18*0.125*0.125) -> 90.867969 | N23: 離脱防止ポップアップ＝UU×表示65%×クリック12.5%×追加12.5%（定義テキストの係数） | O23: クリック率 | P23: 0.1 | Q23: 4‐6か月後係数
B24: サンクスLINE誘導 | D24: -- | E24: =IF(E19=FALSE,0,E16*0.8*0.4) -> 28.48 | F24: =IF(F19=FALSE,0,F16*0.8*0.4) -> 28.48 | G24: =IF(G19=FALSE,0,G16*0.8*0.4) -> 28.48 | H24: =IF(H19=FALSE,0,H16*0.8*0.4) -> 28.48 | I24: =IF(I19=FALSE,0,I16*0.8*0.4) -> 28.48 | J24: =IF(J19=FALSE,0,J16*0.8*0.4) -> 28.48 | N24: サンクスLINE誘導＝応募×遷移80%×追加40%（資料と同じ・定義テキストの係数） | O24: audienceターゲ率 | P24: 0.8 | Q24: 0.8
B25: 通知メッセージ | D25: -- | E25: =+IF(E20=FALSE,0,SUM($H$10:$H$11)*0.7*0.3)+IF($E$21=FALSE,0,$K$8*0.15*0.15) -> 0 | F25: =+IF(F20=FALSE,0,SUM($H$10:$H$11)*0.7*0.3)+IF($E$21=FALSE,0,$K$8*0.15*0.15) -> 0 | G25: =+IF(G20=FALSE,0,SUM($H$10:$H$11)*0.7*0.3)+IF($E$21=FALSE,0,$K$8*0.15*0.15) -> 0 | H25: =+IF(H20=FALSE,0,SUM($H$10:$H$11)*0.7*0.3)+IF($E$21=FALSE,0,$K$8*0.15*0.15) -> 0 | I25: =+IF(I20=FALSE,0,SUM($H$10:$H$11)*0.7*0.3)+IF($E$21=FALSE,0,$K$8*0.15*0.15) -> 0 | J25: =+IF(J20=FALSE,0,SUM($H$10:$H$11)*0.7*0.3)+IF($E$21=FALSE,0,$K$8*0.15*0.15) -> 0 | N25: サンクス到達*情報一致率(70%前後)*実追加率 | O25: ↓ステップ配信
A26: 友だち数_増加数 | D26: -- | E26: =+SUM(E22:E25)+$H$9*$P$16+($H$8-$H$9)*$P$15+IF(P9=FALSE,0,$K$8*0.15*0.08) -> 164.08297 | F26: =+SUM(F22:F25)+$H$9*$P$16+($H$8-$H$9)*$P$15 -> 164.08297 | G26: =+SUM(G22:G25)+$H$9*$P$16+($H$8-$H$9)*$P$15 -> 164.08297 | H26: =+SUM(H22:H25)+$H$9*$P$16+($H$8-$H$9)*$P$15 -> 164.08297 | I26: =+SUM(I22:I25)+$H$9*$P$16+($H$8-$H$9)*$P$15 -> 164.08297 | J26: =+SUM(J22:J25)+$H$9*$P$16+($H$8-$H$9)*$P$15 -> 164.08297 | N26: サイトのLINEボタン（UUの0.5%・FMTの係数）＋離脱防止ポップアップ＋サンクスLINE誘導 | O26: 開封率 | P26: 0.725
A27: ブロック率 | D27: 0 | E27: 0.32 | F27: =+E$27*1.025 -> 0.328 | G27: =+F$27*1.025 -> 0.3362 | H27: =+G$27*1.025 -> 0.344605 | I27: =+H$27*1.025 -> 0.35322012 | J27: =+I$27*1.025 -> 0.36205063 | N27: ブロック率：1か月目（E27）から、2か月目以降は前の月×1.025（式） | O27: クリック率 | P27: 0.12 | Q27: 4‐6か月後係数
A28: 友だち数 | D28: 0 | E28: =+D28+E26 -> 164.08297 | F28: =+E28+F26 -> 328.16594 | G28: =+F28+G26 -> 492.24891 | H28: =+G28+H26 -> 656.33188 | I28: =+H28+I26 -> 820.41484 | J28: =+I28+J26 -> 984.49781 | O28: audienceターゲ率 | P28: 0.2 | Q28: 0.8
A29: ターゲット数 | D29: =+D28*(1-D27) -> 0 | E29: =+E28*(1-E27) -> 111.57642 | F29: =+F28*(1-F27) -> 220.52751 | G29: =+G28*(1-G27) -> 326.75482 | H29: =+H28*(1-H27) -> 430.15663 | I29: =+I28*(1-I27) -> 530.62781 | J29: =+J28*(1-J27) -> 628.05976 | N29: ※ターゲット数の増加分が通常の増加分を超えないように調整する
A30: 企画投稿数 | D30: 0 | E30: 4 | F30: 4 | G30: 4 | H30: 4 | I30: 4 | J30: 4 | N30: 企画配信 月4回（週1回。次回イベントの募集・会場の案内） | O30: CPFの単価設定
A31: 企画投稿からの流入 | D31: =+D30*D29*0.41*0.07 -> 0 | E31: =+E29*E30*$P$24*$P$22*$P$23*$P$36 -> 40.774415 | F31: =+F29*F30*$P$24*$P$22*$P$23*$P$36 -> 80.589432 | G31: =+G29*G30*$P$24*$P$22*$P$23*$P$36 -> 119.40907 | H31: =+H29*H30*$P$24*$P$22*$P$23*$P$36*$Q$24 -> 125.75693 | I31: =+I29*I30*$P$24*$P$22*$P$23*$P$36*$Q$24 -> 155.12983 | J31: =+J29*J30*$P$24*$P$22*$P$23*$P$36*$Q$24 -> 183.61421
A32: ステップ配信本数 | D32: 0 | E32: 4 | F32: 4 | G32: 4 | H32: 4 | I32: 4 | J32: 4 | N32: ステップ配信 4通（あいさつメッセージの後、友だち追加から14日以内） | O32: 特典の強さ | P32: TRUE | Q32: =+IF(P32=TRUE,1.1,0.95) -> 1.1
A33: ステップ配信からの流入 | D33: 0 | E33: =+E29*E32*$P$26*$P$27*$P$28*$P$36 -> 11.369789 | F33: =+F29*F32*$P$26*$P$27*$P$28*$P$36 -> 22.472053 | G33: =+G29*G32*$P$26*$P$27*$P$28*$P$36 -> 33.296761 | H33: =+H29*H32*$P$26*$P$27*$P$28*$P$36*$Q$28 -> 35.066836 | I33: =+I29*I32*$P$26*$P$27*$P$28*$P$36*$Q$28 -> 43.257356 | J33: =+J29*J32*$P$26*$P$27*$P$28*$P$36*$Q$28 -> 51.200115 | O33: クリエイティブ強さ | P33: TRUE | Q33: =+IF(P33=TRUE,1.1,0.95) -> 1.1
A34: 配信数 | D34: =+D29*D30 -> 0 | E34: =+E29*E30*$P$24+E29*E32*$P$28 -> 446.30568 | F34: =+F29*F30*$P$24+F29*F32*$P$28 -> 882.11004 | G34: =+G29*G30*$P$24+G29*G32*$P$28 -> 1307.0193 | H34: =+H29*H30*$P$24*$Q$24+H29*H32*$P$28*$Q$28 -> 1376.5012 | I34: =+I29*I30*$P$24*$Q$24+I29*I32*$P$28*$Q$28 -> 1698.009 | J34: =+J29*J30*$P$24*$Q$24+J29*J32*$P$28*$Q$28 -> 2009.7912 | O34: 知名度強さ | P34: TRUE | Q34: =+IF(P34=TRUE,1.1,0.95) -> 1.1
A35: 想定Click数 | D35: =+D31*1.02 -> 0 | E35: =+E31+E33+1.05*(E31+E33) -> 106.89562 | F35: =+F31+F33+1.05*(F31+F33) -> 211.27604 | G35: =+G31+G33+1.05*(G31+G33) -> 313.04696 | H35: =+H31+H33+1.05*(H31+H33) -> 329.68872 | I35: =+I31+I33+1.05*(I31+I33) -> 406.69373 | J35: =+J31+J33+1.05*(J31+J33) -> 481.36936 | O35: 動線の強さ | P35: TRUE | Q35: =+IF(P35=TRUE,1.1,0.95) -> 1.1
A36: 新規CV | B36: =+C8 -> 新規応募 | D36: 0 | E36: 2 | F36: 2 | G36: 4 | H36: 5 | I36: 5 | J36: 6 | K36: =SUM(E36:J36) -> 24 | N36: 新規応募：サイトのLINEボタン・離脱防止で友だちになった方が、企画配信・ステップ配信から応募した数 | O36: 想定の係数（反応率） | P36: =1*(Q32*Q33*Q34*Q35) -> 1.4641
B37: =+C9 -> - | D37: 0 | E37: 0 | F37: 0 | G37: 0 | H37: 0 | I37: 0 | J37: 0 | K37: =SUM(E37:J37) -> 0 | N37: 新規向け_
A38: リピートCV | B38: =+C10 -> 再応募 | D38: 0 | E38: 0 | F38: 0 | G38: 1 | H38: 2 | I38: 3 | J38: 3 | K38: =SUM(E38:J38) -> 9 | N38: 再応募：一度勤務した方が、次回イベントの募集から勤務希望を出した数（応募→勤務を経てからなので3か月目から） | O38: ※①＞②で作成
B39: =+C11 -> - | D39: 0 | E39: 0 | F39: 0 | G39: 0 | H39: 0 | I39: 0 | J39: 0 | K39: =SUM(E39:J39) -> 0 | N39: 既存向け_休眠顧客向け | O39: ※③＞④で作成
A40: 合計CV | D40: =+SUM(D36:D39) -> 0 | E40: =+SUM(E36:E39) -> 2 | F40: =+SUM(F36:F39) -> 2 | G40: =+SUM(G36:G39) -> 5 | H40: =+SUM(H36:H39) -> 7 | I40: =+SUM(I36:I39) -> 8 | J40: =+SUM(J36:J39) -> 9 | K40: =SUM(E40:J40) -> 33
B41: CVR | D41: =+IFERROR(D40/D35,0) -> 0 | E41: =+IFERROR(E40/E35,0) -> 0.018709841 | F41: =+IFERROR(F40/F35,0) -> 0.0094662885 | G41: =+IFERROR(G40/G35,0) -> 0.015972045 | H41: =+IFERROR(H40/H35,0) -> 0.021232149 | I41: =+IFERROR(I40/I35,0) -> 0.019670822 | J41: =+IFERROR(J40/J35,0) -> 0.018696662 | N41: CV/流入数で計算、0.3%〜1%とかで推移。
A43: ■成果報酬運営 | C43: 現状数値 | D43: 初期
A44: 従量課金 | D44: -- | E44: =+E75*E76 -> 0 | F44: =+F75*F76 -> 0 | G44: =+G75*G76 -> 0 | H44: =+H75*H76 -> 0 | I44: =+I75*I76 -> 0 | J44: =+J75*J76 -> 0
A45: コスト想定(固定費) | C45: =+SUM(C65:C72) -> 0 | D45: =+SUM(D65:D72) -> 295000 | E45: =SUM(E65:E68)+SUM(E71:E72) -> 65000 | F45: =SUM(F65:F68)+SUM(F71:F72) -> 65000 | G45: =SUM(G65:G68)+SUM(G71:G72) -> 65000 | H45: =SUM(H65:H68)+SUM(H71:H72) -> 65000 | I45: =SUM(I65:I68)+SUM(I71:I72) -> 65000 | J45: =SUM(J65:J68)+SUM(J71:J72) -> 65000
A46: 友だち獲得単価 | D46: -- | E46: =IFERROR(SUM(E65:E67)/(E28-D28),"-") -> 365.66866 | F46: =IFERROR(SUM(F65:F67)/(F28-E28),"-") -> 365.66866 | G46: =IFERROR(SUM(G65:G67)/(G28-F28),"-") -> 365.66866 | H46: =IFERROR(SUM(H65:H67)/(H28-G28),"-") -> 365.66866 | I46: =IFERROR(SUM(I65:I67)/(I28-H28),"-") -> 365.66866 | J46: =IFERROR(SUM(J65:J67)/(J28-I28),"-") -> 365.66866
A47: CPC想定 | D47: -- | E47: =+E51/E35 -> 720.32887 | F47: =+F51/F35 -> 364.45211 | G47: =+G51/G35 -> 303.46885 | H47: =+H51/H35 -> 324.54856 | I47: =+I51/I35 -> 277.85036 | J47: =+J51/J35 -> 247.21141
A48: CVR想定 | D48: -- | E48: =+SUM(E36:E39)/E35 -> 0.018709841 | F48: =+SUM(F36:F39)/F35 -> 0.0094662885 | G48: =+SUM(G36:G39)/G35 -> 0.015972045 | H48: =+SUM(H36:H39)/H35 -> 0.021232149 | I48: =+SUM(I36:I39)/I35 -> 0.019670822 | J48: =+SUM(J36:J39)/J35 -> 0.018696662
A49: CPA想定 | D49: -- | E49: =+IFERROR(E51/SUM(E36:E39),0) -> 38500 | F49: =+IFERROR(F51/SUM(F36:F39),0) -> 38500 | G49: =+IFERROR(G51/SUM(G36:G39),0) -> 19000 | H49: =+IFERROR(H51/SUM(H36:H39),0) -> 15285.714 | I49: =+IFERROR(I51/SUM(I36:I39),0) -> 14125 | J49: =+IFERROR(J51/SUM(J36:J39),0) -> 13222.222
A50: 成果報酬_費用発生 | D50: -- | E50: =+E36*$D$8+E38*$D$10 -> 12000 | F50: =+F36*$D$8+F38*$D$10 -> 12000 | G50: =+G36*$D$8+G38*$D$10 -> 30000 | H50: =+H36*$D$8+H38*$D$10 -> 42000 | I50: =+I36*$D$8+I38*$D$10 -> 48000 | J50: =+J36*$D$8+J38*$D$10 -> 54000
A51: 総計コスト | C51: =+C45 -> 0 | D51: =+D45 -> 295000 | E51: =SUM(E45,E50)+E44 -> 77000 | F51: =SUM(F45,F50)+F44 -> 77000 | G51: =SUM(G45,G50)+G44 -> 95000 | H51: =SUM(H45,H50)+H44 -> 107000 | I51: =SUM(I45,I50)+I44 -> 113000 | J51: =SUM(J45,J50)+J44 -> 119000
A53: ■コンサル運営
A54: 従量課金 | D54: =+D75*D76 -> 0 | E54: =+E75*E76 -> 0 | F54: =+F75*F76 -> 0 | G54: =+G75*G76 -> 0 | H54: =+H75*H76 -> 0 | I54: =+I75*I76 -> 0 | J54: =+J75*J76 -> 0
A55: コスト想定(固定費) | D55: =+SUM(D65:D72) -> 295000 | E55: =SUM(E65:E72)+E54 -> 215000 | F55: =SUM(F65:F72)+F54 -> 215000 | G55: =SUM(G65:G72)+G54 -> 215000 | H55: =SUM(H65:H72)+H54 -> 215000 | I55: =SUM(I65:I72)+I54 -> 215000 | J55: =SUM(J65:J72)+J54 -> 215000
A56: 友だち獲得単価 | D56: -- | E56: =IFERROR(SUM(E65:E67)/(E28-D28),"-") -> 365.66866 | F56: =IFERROR(SUM(F65:F67)/(F28-E28),"-") -> 365.66866 | G56: =IFERROR(SUM(G65:G67)/(G28-F28),"-") -> 365.66866 | H56: =IFERROR(SUM(H65:H67)/(H28-G28),"-") -> 365.66866 | I56: =IFERROR(SUM(I65:I67)/(I28-H28),"-") -> 365.66866 | J56: =IFERROR(SUM(J65:J67)/(J28-I28),"-") -> 365.66866
A57: CPC想定 | D57: -- | E57: =+E61/E35 -> 2011.3079 | F57: =+F61/F35 -> 1017.626 | G57: =+G61/G35 -> 686.79791 | H57: =+H61/H35 -> 652.13028 | I57: =+I61/I35 -> 528.65334 | J57: =+J61/J35 -> 446.64247
A58: CVR想定 | D58: -- | E58: =+SUM(E36:E39)/E35 -> 0.018709841 | F58: =+SUM(F36:F39)/F35 -> 0.0094662885 | G58: =+SUM(G36:G39)/G35 -> 0.015972045 | H58: =+SUM(H36:H39)/H35 -> 0.021232149 | I58: =+SUM(I36:I39)/I35 -> 0.019670822 | J58: =+SUM(J36:J39)/J35 -> 0.018696662
A59: CPA想定 | E59: =+IFERROR(E55/E40,0) -> 107500 | F59: =+IFERROR(F55/F40,0) -> 107500 | G59: =+IFERROR(G55/G40,0) -> 43000 | H59: =+IFERROR(H55/H40,0) -> 30714.286 | I59: =+IFERROR(I55/I40,0) -> 26875 | J59: =+IFERROR(J55/J40,0) -> 23888.889
A60: 成果報酬_費用発生
A61: 総計コスト | D61: =+D55 -> 295000 | E61: =+SUM(E65:E72)+E54 -> 215000 | F61: =+SUM(F65:F72)+F54 -> 215000 | G61: =+SUM(G65:G72)+G54 -> 215000 | H61: =+SUM(H65:H72)+H54 -> 215000 | I61: =+SUM(I65:I72)+I54 -> 215000 | J61: =+SUM(J65:J72)+J54 -> 215000
C64: 現状数値 | D64: 初期
A65: コスト備考 | B65: 従量課金 | C65: 0 | D65: 0 | E65: 0 | F65: 0 | G65: 0 | H65: 0 | I65: 0 | J65: 0
A66: ※コンサル | B66: 離脱防止ポップアップ | C66: 0 | D66: 15000 | E66: 30000 | F66: 30000 | G66: 30000 | H66: 30000 | I66: 30000 | J66: 30000 | N66: 離脱防止ポップアップ：初期1.5万円・月3万円
B67: サンクスLINE誘導 | C67: 0 | D67: 150000 | E67: 30000 | F67: 30000 | G67: 30000 | H67: 30000 | I67: 30000 | J67: 30000 | N67: サンクスLINE誘導：初期15万円・月3万円〜
B68: アカウント費 | C68: 0 | D68: 30000 | E68: =IF(E34<5000,5000,15000) -> 5000 | F68: =IF(F34<5000,5000,15000) -> 5000 | G68: =IF(G34<5000,5000,15000) -> 5000 | H68: =IF(H34<5000,5000,15000) -> 5000 | I68: =IF(I34<5000,5000,15000) -> 5000 | J68: =IF(J34<5000,5000,15000) -> 5000 | N68: アカウント費：FMTの式（開設3万円） | O68: プラン単価 | P68: 5000
B69: LINE運用（運用代行・効率改善） | C69: 0 | D69: 100000 | E69: 150000 | F69: 150000 | G69: 150000 | H69: 150000 | I69: 150000 | J69: 150000 | N69: LINE運用：資料の金額（初期構築10万円・月10万円） | O69: ←上限通数拡大の際に使用する。
B70: コンサル費② | C70: 0 | D70: 0 | E70: 0 | F70: 0 | G70: 0 | H70: 0 | I70: 0 | J70: 0 | N70: コンサル費用ショット（開発、初期費用）
B71: 機能拡張 | C71: 0 | D71: 0 | E71: 0 | F71: 0 | G71: 0 | H71: 0 | I71: 0 | J71: 0 | N71: 通知メッセージ：要相談、（）
B72: APIツール費 | C72: 0 | D72: 0 | E72: 0 | F72: 0 | G72: 0 | H72: 0 | I72: 0 | J72: 0
B73: コスト総計 | C73: 0 | D73: =SUM(D65:D72) -> 295000 | E73: =SUM(E65:E72)+E54 -> 215000 | F73: =SUM(F65:F72)+F54 -> 215000 | G73: =SUM(G65:G72)+G54 -> 215000 | H73: =SUM(H65:H72)+H54 -> 215000 | I73: =SUM(I65:I72)+I54 -> 215000 | J73: =SUM(J65:J72)+J54 -> 215000
B75: 追加通数 | D75: =+IF(D34<30001,0,D34-30000) -> 0 | E75: =+IF(E34<30001,0,E34-30000) -> 0 | F75: =+IF(F34<30001,0,F34-30000) -> 0 | G75: =+IF(G34<30001,0,G34-30000) -> 0 | H75: =+IF(H34<30001,0,H34-30000) -> 0 | I75: =+IF(I34<30001,0,I34-30000) -> 0 | J75: =+IF(J34<30001,0,J34-30000) -> 0
B76: 想定単価 | D76: =+IF(D75<=$U$18,$Z$18,IF(D75<=$U$19,$Z$19,IF(D75<=$U$20,$Z$20,IF(D75<=$U$21,$Z$21,IF(D75<=$U$22,$Z$22,IF(D75<=$U$23,$Z$23,IF(D75<=$U$24,$Z$24,IF(D75<=$U$25,$Z$25,IF(D75<=$U$26,$Z$26,IF(D75<=$U$27,$Z$27,IF(D75<=$U$28,$Z$28,IF(D75<=$U$29,$Z$29,IF(D75<=$U$30,$Z$30,0))))))))))))) -> 3 | E76: =+IF(E75<=$U$18,$Z$18,IF(E75<=$U$19,$Z$19,IF(E75<=$U$20,$Z$20,IF(E75<=$U$21,$Z$21,IF(E75<=$U$22,$Z$22,IF(E75<=$U$23,$Z$23,IF(E75<=$U$24,$Z$24,IF(E75<=$U$25,$Z$25,IF(E75<=$U$26,$Z$26,IF(E75<=$U$27,$Z$27,IF(E75<=$U$28,$Z$28,IF(E75<=$U$29,$Z$29,IF(E75<=$U$30,$Z$30,0))))))))))))) -> 3 | F76: =+IF(F75<=$U$18,$Z$18,IF(F75<=$U$19,$Z$19,IF(F75<=$U$20,$Z$20,IF(F75<=$U$21,$Z$21,IF(F75<=$U$22,$Z$22,IF(F75<=$U$23,$Z$23,IF(F75<=$U$24,$Z$24,IF(F75<=$U$25,$Z$25,IF(F75<=$U$26,$Z$26,IF(F75<=$U$27,$Z$27,IF(F75<=$U$28,$Z$28,IF(F75<=$U$29,$Z$29,IF(F75<=$U$30,$Z$30,0))))))))))))) -> 3 | G76: =+IF(G75<=$U$18,$Z$18,IF(G75<=$U$19,$Z$19,IF(G75<=$U$20,$Z$20,IF(G75<=$U$21,$Z$21,IF(G75<=$U$22,$Z$22,IF(G75<=$U$23,$Z$23,IF(G75<=$U$24,$Z$24,IF(G75<=$U$25,$Z$25,IF(G75<=$U$26,$Z$26,IF(G75<=$U$27,$Z$27,IF(G75<=$U$28,$Z$28,IF(G75<=$U$29,$Z$29,IF(G75<=$U$30,$Z$30,0))))))))))))) -> 3 | H76: =+IF(H75<=$U$18,$Z$18,IF(H75<=$U$19,$Z$19,IF(H75<=$U$20,$Z$20,IF(H75<=$U$21,$Z$21,IF(H75<=$U$22,$Z$22,IF(H75<=$U$23,$Z$23,IF(H75<=$U$24,$Z$24,IF(H75<=$U$25,$Z$25,IF(H75<=$U$26,$Z$26,IF(H75<=$U$27,$Z$27,IF(H75<=$U$28,$Z$28,IF(H75<=$U$29,$Z$29,IF(H75<=$U$30,$Z$30,0))))))))))))) -> 3 | I76: =+IF(I75<=$U$18,$Z$18,IF(I75<=$U$19,$Z$19,IF(I75<=$U$20,$Z$20,IF(I75<=$U$21,$Z$21,IF(I75<=$U$22,$Z$22,IF(I75<=$U$23,$Z$23,IF(I75<=$U$24,$Z$24,IF(I75<=$U$25,$Z$25,IF(I75<=$U$26,$Z$26,IF(I75<=$U$27,$Z$27,IF(I75<=$U$28,$Z$28,IF(I75<=$U$29,$Z$29,IF(I75<=$U$30,$Z$30,0))))))))))))) -> 3 | J76: =+IF(J75<=$U$18,$Z$18,IF(J75<=$U$19,$Z$19,IF(J75<=$U$20,$Z$20,IF(J75<=$U$21,$Z$21,IF(J75<=$U$22,$Z$22,IF(J75<=$U$23,$Z$23,IF(J75<=$U$24,$Z$24,IF(J75<=$U$25,$Z$25,IF(J75<=$U$26,$Z$26,IF(J75<=$U$27,$Z$27,IF(J75<=$U$28,$Z$28,IF(J75<=$U$29,$Z$29,IF(J75<=$U$30,$Z$30,0))))))))))))) -> 3

Sheet SIM_比較
E1: →通数減らすように係数： | F1: 0.6
A3: 比較項目 | C3: DYM実装前 | D3: DYM実装後（③か月） | E3: DYM実装後（⑥か月）
A4: コスト想定 ※月額（成果報酬プラン） | C4: =+SIM!D24 -> -- | D4: =+SIM!G51 -> 95000 | E4: =+SIM!J51 -> 119000
A5: コスト想定 ※月額（固定プラン） | C5: =+SIM!D25 -> -- | D5: =+SIM!G61 -> 215000 | E5: =+SIM!J61 -> 215000
A6: 友だち数想定 | C6: =+SIM!D28 -> 0 | D6: =+SIM!G28 -> 492.24891 | E6: =+SIM!J28 -> 984.49781
A7: ブロック率想定 | C7: =+SIM!D27 -> 0 | D7: =+SIM!G27 -> 0.3362 | E7: =+SIM!J27 -> 0.36205063
A8: 友だち数（アクティブ）想定 | C8: =+SIM!D29 -> 0 | D8: =+SIM!G29 -> 326.75482 | E8: =+SIM!J29 -> 628.05976
A10: メッセ通数 | C10: =+SIM!D34 -> 0 | D10: =+SIM!G34 -> 1307.0193 | E10: =+SIM!J34 -> 2009.7912
A11: サイト流入数（LINEから） | C11: =+SIM!D35 -> 0 | D11: =+SIM!G35 -> 313.04696 | E11: =+SIM!J35 -> 481.36936
A12: 想定CPC（LINEOA施策）_成果報酬プラン | C12: =+IFERROR(C5/C11,0) -> 0 | D12: =+D4/D11 -> 303.46885 | E12: =+E4/E11 -> 247.21141
A13: 想定CPC（LINEOA施策）_固定運用プラン | C13: =+IFERROR(C6/C12,0) -> 0 | D13: =+D5/D11 -> 686.79791 | E13: =+E5/E11 -> 446.64247
R14: ■従量計算式↓
A15: 応募（サイト・仮に） | C15: =+SIM!$H$10 -> 89 | D15: =+SIM!$H$10 -> 89 | E15: =+SIM!$H$10 -> 89 | R15: ■料金テーブル
A16: CV数（+LINEOA施策） | C16: =SUM(C17:C20) -> 0 | D16: =SUM(D17:D20) -> 5 | E16: =SUM(E17:E20) -> 9 | R16: 課金対象配信総数 | V16: 費用 | Y16: 単価
A17: CV①_新規応募 | C17: =+SIM!D36 -> 0 | D17: =+SIM!G36 -> 4 | E17: =+SIM!J36 -> 6 | R17: 0 | S17: - | T17: 200000 | V17: 0 | W17: - | X17: 600000 | Y17: 3
A18: - | C18: =+SIM!D37 -> 0 | D18: =+SIM!G37 -> 0 | E18: =+SIM!J37 -> 0 | R18: 200000 | S18: - | T18: 15000000 | V18: 600000 | W18: - | X18: =+T18*2.5 -> 37500000 | Y18: 2.5
A19: CV③_再応募 | C19: =+SIM!D38 -> 0 | D19: =+SIM!G38 -> 1 | E19: =+SIM!J38 -> 3
A20: - | C20: =+SIM!D39 -> 0 | D20: =+SIM!G39 -> 0 | E20: =+SIM!J39 -> 0
A22: 成果報酬プラン_CPA（単純計算） | C22: =+IFERROR(C4/C16,"--") -> -- | D22: =+IFERROR(D4/D16,"--") -> 19000 | E22: =+IFERROR(E4/E16,"--") -> 13222.222
A23: 固定費プラン_CPA（単純計算） | C23: =+IFERROR(C5/C16,"--") -> -- | D23: =+IFERROR(D5/D16,"--") -> 43000 | E23: =+IFERROR(E5/E16,"--") -> 23888.889
A25: 備考_合計コスト(従量課金) ※アカウント費用 | C25: =+SIM!E68+C29*C30 -> 5000 | D25: =+SIM!G68+D29*D30 -> 5000 | E25: =+SIM!J68+E29*E30 -> 5000
A29: 従量課金対象単価 | C29: =+IF(C10<=30000,0,C10-30000) -> 0 | D29: =+IF(D10<=30000,0,D10-30000) -> 0 | E29: =+IF(E10<=30000,0,E10-30000) -> 0
A30: 備考単価 | C30: =+IF(C29<=$T$17,$Y$17,IF(C29<=$T$18,$Y$18,IF(C29<=$T$19,$Y$19,IF(C29<=$T$20,$Y$20,IF(C29<=$T$21,$Y$21,IF(C29<=$T$22,$Y$22,IF(C29<=$T$23,$Y$23,IF(C29<=$T$24,$Y$24,IF(C29<=$T$25,$Y$25,IF(C29<=$T$26,$Y$26,IF(C29<=$T$27,$Y$27,IF(C29<=$T$28,$Y$28,IF(C29<=$T$29,$Y$29,0))))))))))))) -> 3 | D30: =+IF(D29<=$T$17,$Y$17,IF(D29<=$T$18,$Y$18,IF(D29<=$T$19,$Y$19,IF(D29<=$T$20,$Y$20,IF(D29<=$T$21,$Y$21,IF(D29<=$T$22,$Y$22,IF(D29<=$T$23,$Y$23,IF(D29<=$T$24,$Y$24,IF(D29<=$T$25,$Y$25,IF(D29<=$T$26,$Y$26,IF(D29<=$T$27,$Y$27,IF(D29<=$T$28,$Y$28,IF(D29<=$T$29,$Y$29,0))))))))))))) -> 3 | E30: =+IF(E29<=$T$17,$Y$17,IF(E29<=$T$18,$Y$18,IF(E29<=$T$19,$Y$19,IF(E29<=$T$20,$Y$20,IF(E29<=$T$21,$Y$21,IF(E29<=$T$22,$Y$22,IF(E29<=$T$23,$Y$23,IF(E29<=$T$24,$Y$24,IF(E29<=$T$25,$Y$25,IF(E29<=$T$26,$Y$26,IF(E29<=$T$27,$Y$27,IF(E29<=$T$28,$Y$28,IF(E29<=$T$29,$Y$29,0))))))))))))) -> 3
A35: 階層別 | C35: 母数 | D35: 誘導率 | E35: 想定CVR | F35: 想定CVR

Sheet SIM考え方
A2: 友だち数_増加施策
A3: 離脱防止 ※
A4: 掲載率 | B4: ※サイト構成、要望により変動 | E4: 1000
A5: クリック率 | B5: 0.085
A6: 追加率 | B6: 0.08
E7: =+E4*B5*B6 -> 6.8
A8: サイト→LINEの導線の改善 ※
A9: 掲載率 | B9: ※サイト構成、要望により変動 | E9: 1000
A10: クリック率 | B10: 0.005
A11: 追加率 | B11: 0.08
E12: =+E9*B10*B11 -> 0.4
A13: サンクスページ誘導 ※ | D13: ただCVが増えるわけではない
A14: 掲載数 | B14: ※サイト構成、要望により変動 | E14: 1000
A15: クリック率 | B15: 0.9 | C15: ※カウントしない
A16: 追加率 | B16: 0.35
E17: =+E14*B15*B16 -> 315
A18: 通知メッセの改善 ※ | D18: ただCVが増えるわけではない
A19: 掲載率 | B19: 0.7 | C19: ※サイト構成、要望により変動 | E19: 1000
A20: クリック率 | B20: 1
A21: 追加率 | B21: 0.2
E22: =+E19*B20*B21 -> 200
A23: 配信効率改善施策 | C23: ※具体的なセグメントの仕方、企画により変動 | I23: 課金
A24: > 通常メッセ | I24: 1 | J24: 企画投稿（セグメントor一斉配信）
A25: 開封率 | B25: 0.8 | I25: 2 | J25: 追いメッセージ（ステップ、シナリオ）
A26: クリック率 | B26: 0.06 | I26: 3 | J26: VOOM投稿 ※同時進行の場合が多い
A27: CV率 | B27: 0.003 | I27: 4 | J27: 通知メッセージ（1通7円くらいの想定） ※機能導入が必要 ※ツール費：月8万～
A29: > 追いメッセ（ステップ、シナリオ） | I29: 非課金
A30: 開封率 | B30: 0.75 | I30: 1 | J30: 自動の即時応答
A31: クリック率 | B31: 0.08 | I31: 2 | J31: 個別チャット対応
A32: CV率 | B32: 0.006 | I32: 3 | J32: あいさつメッセージ
I33: 4 | J33: （リッチメニュー）
A34: > その他（リッチメニュー）
A35: 開封率 | B35: --
A36: クリック率 | B36: 0.02
A37: CV率 | B37: 0.004
A39: >挨拶メッセ | E39: >挨拶メッセ（アンケート回答率）
A40: 開封率 | B40: 1 | E40: 開封率 | F40: --
A41: クリック率 | B41: 0.035 | E41: 回答率 | F41: 0.25
A42: CV率 | B42: 0.006
